ปีงบประมาณ,ประเภทงบประมาณ,แผนงาน,ผลผลิต/โครงการ,กิจกรรม,ประเภทรายจ่าย,รายการ 0,รายการ 1,รายการ 2,รายการ 3,รายการ 4,รายการ 5,กระทรวง,กรม,กอง,กลุ่มงาน,จังหวัด,ส่วนราชการ,กลุ่มจังหวัด,เขตจังหวัด,เขตตรวจราชการ,หมายเหตุ
2569,งบประมาณรายจ่ายบุคลากร,แผนงานบุคลากรภาครัฐ,รายการค่าใช้จ่ายบุคลากรภาครัฐ,รายการค่าใช้จ่ายบุคลากรภาครัฐ,งบบุคลากร ,เงินเดือนและค่าจ้างประจำ,เงินเดือน,อัตราเดิม,,,,กระทรวงยุติธรรม,สำนักงานปลัดกระทรวงยุติธรรม,กองบริหารทรัพยากรบุคคล,กลุ่มงานระบบข้อมูลบุคคล ค่าตอบแทนและบำเหน็จความชอบ,กรุงเทพมหานคร,ส่วนกลาง,,,,
2569,งบประมาณรายจ่ายบุคลากร,แผนงานบุคลากรภาครัฐ,รายการค่าใช้จ่ายบุคลากรภาครัฐ,รายการค่าใช้จ่ายบุคลากรภาครัฐ,งบบุคลากร ,เงินเดือนและค่าจ้างประจำ,เงินเดือน,อัตราใหม่,,,,กระทรวงยุติธรรม,สำนักงานปลัดกระทรวงยุติธรรม,กองบริหารทรัพยากรบุคคล,กลุ่มงานระบบข้อมูลบุคคล ค่าตอบแทนและบำเหน็จความชอบ,กรุงเทพมหานคร,ส่วนกลาง,,,,
2569,งบประมาณรายจ่ายบุคลากร,แผนงานบุคลากรภาครัฐ,รายการค่าใช้จ่ายบุคลากรภาครัฐ,รายการค่าใช้จ่ายบุคลากรภาครัฐ,งบบุคลากร ,เงินเดือนและค่าจ้างประจำ,เงินเดือน,เงินอื่นที่จ่ายควบกับเงินเดือน,เงินประจำตำแหน่ง,เงินประจำตำแหน่ง (บริหารและอำนวยการ),,กระทรวงยุติธรรม,สำนักงานปลัดกระทรวงยุติธรรม,กองบริหารทรัพยากรบุคคล,กลุ่มงานระบบข้อมูลบุคคล ค่าตอบแทนและบำเหน็จความชอบ,กรุงเทพมหานคร,ส่วนกลาง,,,,
2569,งบประมาณรายจ่ายบุคลากร,แผนงานบุคลากรภาครัฐ,รายการค่าใช้จ่ายบุคลากรภาครัฐ,รายการค่าใช้จ่ายบุคลากรภาครัฐ,งบบุคลากร ,เงินเดือนและค่าจ้างประจำ,เงินเดือน,เงินอื่นที่จ่ายควบกับเงินเดือน,เงินประจำตำแหน่ง,เงินประจำตำแหน่ง (วิชาการ),,กระทรวงยุติธรรม,สำนักงานปลัดกระทรวงยุติธรรม,กองบริหารทรัพยากรบุคคล,กลุ่มงานระบบข้อมูลบุคคล ค่าตอบแทนและบำเหน็จความชอบ,กรุงเทพมหานคร,ส่วนกลาง,,,,
2569,งบประมาณรายจ่ายบุคลากร,แผนงานบุคลากรภาครัฐ,รายการค่าใช้จ่ายบุคลากรภาครัฐ,รายการค่าใช้จ่ายบุคลากรภาครัฐ,งบบุคลากร ,เงินเดือนและค่าจ้างประจำ,เงินเดือน,เงินอื่นที่จ่ายควบกับเงินเดือน,เงินประจำตำแหน่ง,เงินประจำตำแหน่งประเภทวิชาชีพเฉพาะ (วช) /เชี่ยวชาญเฉพาะ (ชช.),เงินประจำตำแหน่งประเภทวิชาชีพเฉพาะ ตำแหน่งนักวิชาการคอมพิวเตอร์,กระทรวงยุติธรรม,สำนักงานปลัดกระทรวงยุติธรรม,กองบริหารทรัพยากรบุคคล,กลุ่มงานระบบข้อมูลบุคคล ค่าตอบแทนและบำเหน็จความชอบ,กรุงเทพมหานคร,ส่วนกลาง,,,,
2569,งบประมาณรายจ่ายบุคลากร,แผนงานบุคลากรภาครัฐ,รายการค่าใช้จ่ายบุคลากรภาครัฐ,รายการค่าใช้จ่ายบุคลากรภาครัฐ,งบบุคลากร ,เงินเดือนและค่าจ้างประจำ,เงินเดือน,เงินอื่นที่จ่ายควบกับเงินเดือน,เงินประจำตำแหน่ง,เงินประจำตำแหน่งประเภทวิชาชีพเฉพาะ (วช) /เชี่ยวชาญเฉพาะ (ชช.),เงินประจำตำแหน่งประเภทวิชาชีพเฉพาะ ตำแหน่งวิศวกร/สถาปนิก,กระทรวงยุติธรรม,สำนักงานปลัดกระทรวงยุติธรรม,กองบริหารทรัพยากรบุคคล,กลุ่มงานระบบข้อมูลบุคคล ค่าตอบแทนและบำเหน็จความชอบ,กรุงเทพมหานคร,ส่วนกลาง,,,,
2569,งบประมาณรายจ่ายบุคลากร,แผนงานบุคลากรภาครัฐ,รายการค่าใช้จ่ายบุคลากรภาครัฐ,รายการค่าใช้จ่ายบุคลากรภาครัฐ,งบบุคลากร ,เงินเดือนและค่าจ้างประจำ,เงินเดือน,เงินอื่นที่จ่ายควบกับเงินเดือน,ค่าตอบแทนรายเดือนสำหรับข้าราชการ,ค่าตอบแทนรายเดือนเท่ากับเงินประจำตำแหน่ง,ค่าตอบแทนรายเดือนเท่ากับเงินประจำตำแหน่ง (บริหารและอำนวยการ),กระทรวงยุติธรรม,สำนักงานปลัดกระทรวงยุติธรรม,กองบริหารทรัพยากรบุคคล,กลุ่มงานระบบข้อมูลบุคคล ค่าตอบแทนและบำเหน็จความชอบ,กรุงเทพมหานคร,ส่วนกลาง,,,,
2569,งบประมาณรายจ่ายบุคลากร,แผนงานบุคลากรภาครัฐ,รายการค่าใช้จ่ายบุคลากรภาครัฐ,รายการค่าใช้จ่ายบุคลากรภาครัฐ,งบบุคลากร ,เงินเดือนและค่าจ้างประจำ,เงินเดือน,เงินอื่นที่จ่ายควบกับเงินเดือน,ค่าตอบแทนรายเดือนสำหรับข้าราชการ,ค่าตอบแทนรายเดือนเท่ากับเงินประจำตำแหน่ง,ค่าตอบแทนรายเดือนเท่ากับเงินประจำตำแหน่ง (วิชาการ),กระทรวงยุติธรรม,สำนักงานปลัดกระทรวงยุติธรรม,กองบริหารทรัพยากรบุคคล,กลุ่มงานระบบข้อมูลบุคคล ค่าตอบแทนและบำเหน็จความชอบ,กรุงเทพมหานคร,ส่วนกลาง,,,,
2569,งบประมาณรายจ่ายบุคลากร,แผนงานบุคลากรภาครัฐ,รายการค่าใช้จ่ายบุคลากรภาครัฐ,รายการค่าใช้จ่ายบุคลากรภาครัฐ,งบบุคลากร ,เงินเดือนและค่าจ้างประจำ,เงินเดือน,เงินอื่นที่จ่ายควบกับเงินเดือน,ค่าตอบแทนรายเดือนสำหรับข้าราชการ,ค่าตอบแทนรายเดือนเท่ากับเงินประจำตำแหน่ง,ค่าตอบแทนรายเดือนเท่ากับเงินประจำตำแหน่งประเภทวิชาชีพเฉพาะ (วช) /เชี่ยวชาญเฉพาะ (ชช.),กระทรวงยุติธรรม,สำนักงานปลัดกระทรวงยุติธรรม,กองบริหารทรัพยากรบุคคล,กลุ่มงานระบบข้อมูลบุคคล ค่าตอบแทนและบำเหน็จความชอบ,กรุงเทพมหานคร,ส่วนกลาง,,,,
2569,งบประมาณรายจ่ายบุคลากร,แผนงานบุคลากรภาครัฐ,รายการค่าใช้จ่ายบุคลากรภาครัฐ,รายการค่าใช้จ่ายบุคลากรภาครัฐ,งบบุคลากร ,เงินเดือนและค่าจ้างประจำ,เงินเดือน,เงินอื่นที่จ่ายควบกับเงินเดือน,ค่าตอบแทนรายเดือนสำหรับข้าราชการ,ค่าตอบแทนรายเดือนเท่ากับเงินประจำตำแหน่ง,ค่าตอบแทนรายเดือนเท่ากับเงินประจำตำแหน่งประเภทวิชาชีพเฉพาะ (วช) /เชี่ยวชาญเฉพาะ (ชช.),กระทรวงยุติธรรม,สำนักงานปลัดกระทรวงยุติธรรม,กองบริหารทรัพยากรบุคคล,กลุ่มงานระบบข้อมูลบุคคล ค่าตอบแทนและบำเหน็จความชอบ,กรุงเทพมหานคร,ส่วนกลาง,,,,
2569,งบประมาณรายจ่ายบุคลากร,แผนงานบุคลากรภาครัฐ,รายการค่าใช้จ่ายบุคลากรภาครัฐ,รายการค่าใช้จ่ายบุคลากรภาครัฐ,งบบุคลากร ,เงินเดือนและค่าจ้างประจำ,เงินเดือน,เงินอื่นที่จ่ายควบกับเงินเดือน,ค่าตอบแทนรายเดือนสำหรับข้าราชการ,เงินค่าตอบแทนรายเดือนสำหรับข้าราชการระดับ 8 และ 8ว,,กระทรวงยุติธรรม,สำนักงานปลัดกระทรวงยุติธรรม,กองบริหารทรัพยากรบุคคล,กลุ่มงานระบบข้อมูลบุคคล ค่าตอบแทนและบำเหน็จความชอบ,กรุงเทพมหานคร,ส่วนกลาง,,,,
2569,งบประมาณรายจ่ายบุคลากร,แผนงานบุคลากรภาครัฐ,รายการค่าใช้จ่ายบุคลากรภาครัฐ,รายการค่าใช้จ่ายบุคลากรภาครัฐ,งบบุคลากร ,เงินเดือนและค่าจ้างประจำ,เงินเดือน,เงินอื่นที่จ่ายควบกับเงินเดือน,เงินช่วยเหลือการครองชีพข้าราชการระดับต้น,,,กระทรวงยุติธรรม,สำนักงานปลัดกระทรวงยุติธรรม,กองบริหารทรัพยากรบุคคล,กลุ่มงานระบบข้อมูลบุคคล ค่าตอบแทนและบำเหน็จความชอบ,กรุงเทพมหานคร,ส่วนกลาง,,,,
2569,งบประมาณรายจ่ายบุคลากร,แผนงานบุคลากรภาครัฐ,รายการค่าใช้จ่ายบุคลากรภาครัฐ,รายการค่าใช้จ่ายบุคลากรภาครัฐ,งบบุคลากร ,เงินเดือนและค่าจ้างประจำ,เงินเดือน,เงินอื่นที่จ่ายควบกับเงินเดือน,เงิน พ.ต.ก.  (เงินเพิ่มตำแหน่งที่มีเหตุพิเศษของข้าราชการพลเรือนสำหรับผู้ปฏิบัติงานด้านนิติกร),,,กระทรวงยุติธรรม,สำนักงานปลัดกระทรวงยุติธรรม,กองบริหารทรัพยากรบุคคล,กลุ่มงานระบบข้อมูลบุคคล ค่าตอบแทนและบำเหน็จความชอบ,กรุงเทพมหานคร,ส่วนกลาง,,,,
2569,งบประมาณรายจ่ายบุคลากร,แผนงานบุคลากรภาครัฐ,รายการค่าใช้จ่ายบุคลากรภาครัฐ,รายการค่าใช้จ่ายบุคลากรภาครัฐ,งบบุคลากร ,เงินเดือนและค่าจ้างประจำ,เงินเดือน,เงินอื่นที่จ่ายควบกับเงินเดือน,เงิน พ.พ.ด. (เงินเพิ่มพิเศษสำหรับผู้ปฏิบัติงานด้านพัสดุ),,,กระทรวงยุติธรรม,สำนักงานปลัดกระทรวงยุติธรรม,กองบริหารทรัพยากรบุคคล,กลุ่มงานระบบข้อมูลบุคคล ค่าตอบแทนและบำเหน็จความชอบ,กรุงเทพมหานคร,ส่วนกลาง,,,,
2569,งบประมาณรายจ่ายบุคลากร,แผนงานบุคลากรภาครัฐ,รายการค่าใช้จ่ายบุคลากรภาครัฐ,รายการค่าใช้จ่ายบุคลากรภาครัฐ,งบบุคลากร ,เงินเดือนและค่าจ้างประจำ,เงินเดือน,เงินอื่นที่จ่ายควบกับเงินเดือน,เงิน พ.ส.ร. (เงินเพิ่มพิเศษสำหรับการสู้รบ),,,กระทรวงยุติธรรม,สำนักงานปลัดกระทรวงยุติธรรม,กองบริหารทรัพยากรบุคคล,กลุ่มงานระบบข้อมูลบุคคล ค่าตอบแทนและบำเหน็จความชอบ,กรุงเทพมหานคร,ส่วนกลาง,,,,
2569,งบประมาณรายจ่ายบุคลากร,แผนงานบุคลากรภาครัฐ,รายการค่าใช้จ่ายบุคลากรภาครัฐ,รายการค่าใช้จ่ายบุคลากรภาครัฐ,งบบุคลากร ,เงินเดือนและค่าจ้างประจำ,เงินเดือน,เงินอื่นที่จ่ายควบกับเงินเดือน,เงิน สปพ. (เงินสวัสดิการสำหรับการปฏิบัติงานประจำสำนักงานในพื้นที่พิเศษ),,,กระทรวงยุติธรรม,สำนักงานปลัดกระทรวงยุติธรรม,กองบริหารทรัพยากรบุคคล,กลุ่มงานระบบข้อมูลบุคคล ค่าตอบแทนและบำเหน็จความชอบ,กรุงเทพมหานคร,ส่วนกลาง,,,,
2569,งบประมาณรายจ่ายบุคลากร,แผนงานบุคลากรภาครัฐ,รายการค่าใช้จ่ายบุคลากรภาครัฐ,รายการค่าใช้จ่ายบุคลากรภาครัฐ,งบบุคลากร ,เงินเดือนและค่าจ้างประจำ,ค่าจ้างประจำ,อัตราเดิม,,,,กระทรวงยุติธรรม,สำนักงานปลัดกระทรวงยุติธรรม,กองบริหารทรัพยากรบุคคล,กลุ่มงานระบบข้อมูลบุคคล ค่าตอบแทนและบำเหน็จความชอบ,กรุงเทพมหานคร,ส่วนกลาง,,,,
2569,งบประมาณรายจ่ายบุคลากร,แผนงานบุคลากรภาครัฐ,รายการค่าใช้จ่ายบุคลากรภาครัฐ,รายการค่าใช้จ่ายบุคลากรภาครัฐ,งบบุคลากร ,เงินเดือนและค่าจ้างประจำ,ค่าจ้างประจำ,อัตราใหม่,,,,กระทรวงยุติธรรม,สำนักงานปลัดกระทรวงยุติธรรม,กองบริหารทรัพยากรบุคคล,กลุ่มงานระบบข้อมูลบุคคล ค่าตอบแทนและบำเหน็จความชอบ,กรุงเทพมหานคร,ส่วนกลาง,,,,
2569,งบประมาณรายจ่ายบุคลากร,แผนงานบุคลากรภาครัฐ,รายการค่าใช้จ่ายบุคลากรภาครัฐ,รายการค่าใช้จ่ายบุคลากรภาครัฐ,งบบุคลากร ,เงินเดือนและค่าจ้างประจำ,ค่าจ้างประจำ,เงินอื่นที่จ่ายควบกับค่าจ้างประจำ,ค่าตอบแทนรายเดือนลูกจ้างประจำ,,,กระทรวงยุติธรรม,สำนักงานปลัดกระทรวงยุติธรรม,กองบริหารทรัพยากรบุคคล,กลุ่มงานระบบข้อมูลบุคคล ค่าตอบแทนและบำเหน็จความชอบ,กรุงเทพมหานคร,ส่วนกลาง,,,,
2569,งบประมาณรายจ่ายบุคลากร,แผนงานบุคลากรภาครัฐ,รายการค่าใช้จ่ายบุคลากรภาครัฐ,รายการค่าใช้จ่ายบุคลากรภาครัฐ,งบบุคลากร ,เงินเดือนและค่าจ้างประจำ,ค่าจ้างประจำ,เงินอื่นที่จ่ายควบกับค่าจ้างประจำ,เงินช่วยเหลือค่าครองชีพ,,,กระทรวงยุติธรรม,สำนักงานปลัดกระทรวงยุติธรรม,กองบริหารทรัพยากรบุคคล,กลุ่มงานระบบข้อมูลบุคคล ค่าตอบแทนและบำเหน็จความชอบ,กรุงเทพมหานคร,ส่วนกลาง,,,,
2569,งบประมาณรายจ่ายบุคลากร,แผนงานบุคลากรภาครัฐ,รายการค่าใช้จ่ายบุคลากรภาครัฐ,รายการค่าใช้จ่ายบุคลากรภาครัฐ,งบบุคลากร ,เงินเดือนและค่าจ้างประจำ,ค่าจ้างประจำ,เงินอื่นที่จ่ายควบกับค่าจ้างประจำ,เงิน พ.ส.ร. (เงินเพิ่มพิเศษสำหรับการสู้รบ),,,กระทรวงยุติธรรม,สำนักงานปลัดกระทรวงยุติธรรม,กองบริหารทรัพยากรบุคคล,กลุ่มงานระบบข้อมูลบุคคล ค่าตอบแทนและบำเหน็จความชอบ,กรุงเทพมหานคร,ส่วนกลาง,,,,
2569,งบประมาณรายจ่ายบุคลากร,แผนงานบุคลากรภาครัฐ,รายการค่าใช้จ่ายบุคลากรภาครัฐ,รายการค่าใช้จ่ายบุคลากรภาครัฐ,งบบุคลากร ,ค่าตอบแทนพนักงานราชการ,ค่าตอบแทนพนักงานราชการ,อัตราเดิม,,,,กระทรวงยุติธรรม,สำนักงานปลัดกระทรวงยุติธรรม,กองบริหารทรัพยากรบุคคล,กลุ่มงานระบบข้อมูลบุคคล ค่าตอบแทนและบำเหน็จความชอบ,กรุงเทพมหานคร,ส่วนกลาง,,,,
2569,งบประมาณรายจ่ายบุคลากร,แผนงานบุคลากรภาครัฐ,รายการค่าใช้จ่ายบุคลากรภาครัฐ,รายการค่าใช้จ่ายบุคลากรภาครัฐ,งบบุคลากร ,ค่าตอบแทนพนักงานราชการ,ค่าตอบแทนพนักงานราชการ,อัตราใหม่,,,,กระทรวงยุติธรรม,สำนักงานปลัดกระทรวงยุติธรรม,กองบริหารทรัพยากรบุคคล,กลุ่มงานระบบข้อมูลบุคคล ค่าตอบแทนและบำเหน็จความชอบ,กรุงเทพมหานคร,ส่วนกลาง,,,,
2569,งบประมาณรายจ่ายบุคลากร,แผนงานบุคลากรภาครัฐ,รายการค่าใช้จ่ายบุคลากรภาครัฐ,รายการค่าใช้จ่ายบุคลากรภาครัฐ,งบบุคลากร ,ค่าตอบแทนพนักงานราชการ,ค่าตอบแทนพนักงานราชการ,เงินอื่นที่จ่ายควบกับค่าตอบแทนพนักงานราชการ,เงินช่วยเหลือการครองชีพชั่วคราวพนักงานราชการ,,,กระทรวงยุติธรรม,สำนักงานปลัดกระทรวงยุติธรรม,กองบริหารทรัพยากรบุคคล,กลุ่มงานระบบข้อมูลบุคคล ค่าตอบแทนและบำเหน็จความชอบ,กรุงเทพมหานคร,ส่วนกลาง,,,,
2569,งบประมาณรายจ่ายบุคลากร,แผนงานบุคลากรภาครัฐ,รายการค่าใช้จ่ายบุคลากรภาครัฐ,รายการค่าใช้จ่ายบุคลากรภาครัฐ,งบดำเนินงาน,ค่าตอบแทนใช้สอยและวัสดุ,ค่าตอบแทน,ค่าเช่าบ้าน,,,,กระทรวงยุติธรรม,สำนักงานปลัดกระทรวงยุติธรรม,กองบริหารทรัพยากรบุคคล,กลุ่มงานระบบข้อมูลบุคคล ค่าตอบแทนและบำเหน็จความชอบ,กรุงเทพมหานคร,ส่วนกลาง,,,,
2569,งบประมาณรายจ่ายบุคลากร,แผนงานบุคลากรภาครัฐ,รายการค่าใช้จ่ายบุคลากรภาครัฐ,รายการค่าใช้จ่ายบุคลากรภาครัฐ,งบดำเนินงาน,ค่าตอบแทนใช้สอยและวัสดุ,ค่าตอบแทน,ค่าตอบแทนพิเศษเงินเดือนเต็มขั้น,,,,กระทรวงยุติธรรม,สำนักงานปลัดกระทรวงยุติธรรม,กองบริหารทรัพยากรบุคคล,กลุ่มงานระบบข้อมูลบุคคล ค่าตอบแทนและบำเหน็จความชอบ,กรุงเทพมหานคร,ส่วนกลาง,,,,
2569,งบประมาณรายจ่ายบุคลากร,แผนงานบุคลากรภาครัฐ,รายการค่าใช้จ่ายบุคลากรภาครัฐ,รายการค่าใช้จ่ายบุคลากรภาครัฐ,งบดำเนินงาน,ค่าตอบแทนใช้สอยและวัสดุ,ค่าตอบแทน,ค่าตอบแทนพิเศษค่าจ้างเต็มขั้น,,,,กระทรวงยุติธรรม,สำนักงานปลัดกระทรวงยุติธรรม,กองบริหารทรัพยากรบุคคล,กลุ่มงานระบบข้อมูลบุคคล ค่าตอบแทนและบำเหน็จความชอบ,กรุงเทพมหานคร,ส่วนกลาง,,,,
2569,งบประมาณรายจ่ายบุคลากร,แผนงานบุคลากรภาครัฐ,รายการค่าใช้จ่ายบุคลากรภาครัฐ,รายการค่าใช้จ่ายบุคลากรภาครัฐ,งบดำเนินงาน,ค่าตอบแทนใช้สอยและวัสดุ,ค่าตอบแทน,ค่าตอบแทนพิเศษรายเดือนให้แก่เจ้าหน้าที่ผู้ปฎิบัติงานในพื้นที่จังหวัดชายแดนภาคใต้,,,,กระทรวงยุติธรรม,สำนักงานปลัดกระทรวงยุติธรรม,กองบริหารทรัพยากรบุคคล,กลุ่มงานระบบข้อมูลบุคคล ค่าตอบแทนและบำเหน็จความชอบ,กรุงเทพมหานคร,ส่วนกลาง,,,,
2569,งบประมาณรายจ่ายบุคลากร,แผนงานบุคลากรภาครัฐ,รายการค่าใช้จ่ายบุคลากรภาครัฐ,รายการค่าใช้จ่ายบุคลากรภาครัฐ,งบดำเนินงาน,ค่าตอบแทนใช้สอยและวัสดุ,ค่าใช้สอย,เงินสมทบกองทุนประกันสังคม,,,,กระทรวงยุติธรรม,สำนักงานปลัดกระทรวงยุติธรรม,กองบริหารทรัพยากรบุคคล,กลุ่มงานระบบข้อมูลบุคคล ค่าตอบแทนและบำเหน็จความชอบ,กรุงเทพมหานคร,ส่วนกลาง,,,,
2569,งบประมาณรายจ่ายบุคลากร,แผนงานบุคลากรภาครัฐ,รายการค่าใช้จ่ายบุคลากรภาครัฐ,รายการค่าใช้จ่ายบุคลากรภาครัฐ,งบดำเนินงาน,ค่าตอบแทนใช้สอยและวัสดุ,ค่าใช้สอย,เงินสมทบกองทุนประกันสังคม,,,,กระทรวงยุติธรรม,สำนักงานปลัดกระทรวงยุติธรรม,กองบริหารทรัพยากรบุคคล,กลุ่มงานระบบข้อมูลบุคคล ค่าตอบแทนและบำเหน็จความชอบ,กรุงเทพมหานคร,ส่วนกลาง,,,,
2569,งบประมาณรายจ่ายของหน่วยรับงบประมาณ,แผนงานพื้นฐานด้านการปรับสมดุลและพัฒนาระบบการบริหารจัดการรัฐ,สนับสนุนการบริหารจัดการหน่วยงานในสังกัดและให้บริการแก่ประชาชนในด้านงานยุติธรรม,การอำนวยการการด้านการบริหารจัดการให้แก่หน่วยงานในสังกัด,งบดำเนินงาน,ค่าตอบแทนใช้สอยและวัสดุ,ค่าตอบแทน,ค่าตอบแทนผู้ปฏิบัติงานให้ทางราชการ,,,,กระทรวงยุติธรรม,สำนักงานปลัดกระทรวงยุติธรรม,,,,,,,,
2569,งบประมาณรายจ่ายของหน่วยรับงบประมาณ,แผนงานพื้นฐานด้านการปรับสมดุลและพัฒนาระบบการบริหารจัดการรัฐ,สนับสนุนการบริหารจัดการหน่วยงานในสังกัดและให้บริการแก่ประชาชนในด้านงานยุติธรรม,การอำนวยการการด้านการบริหารจัดการให้แก่หน่วยงานในสังกัด,งบดำเนินงาน,ค่าตอบแทนใช้สอยและวัสดุ,ค่าตอบแทน,ค่าตอบแทนการปฏิบัติงานนอกเวลาราชการ,,,,กระทรวงยุติธรรม,สำนักงานปลัดกระทรวงยุติธรรม,,,,,,,,
2569,งบประมาณรายจ่ายของหน่วยรับงบประมาณ,แผนงานพื้นฐานด้านการปรับสมดุลและพัฒนาระบบการบริหารจัดการรัฐ,สนับสนุนการบริหารจัดการหน่วยงานในสังกัดและให้บริการแก่ประชาชนในด้านงานยุติธรรม,การอำนวยการการด้านการบริหารจัดการให้แก่หน่วยงานในสังกัด,งบดำเนินงาน,ค่าตอบแทนใช้สอยและวัสดุ,ค่าตอบแทน,ค่าเบี้ยประชุมกรรมการ,,,,กระทรวงยุติธรรม,สำนักงานปลัดกระทรวงยุติธรรม,,,,,,,,
2569,งบประมาณรายจ่ายของหน่วยรับงบประมาณ,แผนงานพื้นฐานด้านการปรับสมดุลและพัฒนาระบบการบริหารจัดการรัฐ,สนับสนุนการบริหารจัดการหน่วยงานในสังกัดและให้บริการแก่ประชาชนในด้านงานยุติธรรม,การอำนวยการการด้านการบริหารจัดการให้แก่หน่วยงานในสังกัด,งบดำเนินงาน,ค่าตอบแทนใช้สอยและวัสดุ,ค่าตอบแทน,ค่าตอบแทนเหมาจ่ายแทนการจัดหารถประจำตำแหน่ง,,,,กระทรวงยุติธรรม,สำนักงานปลัดกระทรวงยุติธรรม,,,,,,,,
2569,งบประมาณรายจ่ายของหน่วยรับงบประมาณ,แผนงานพื้นฐานด้านการปรับสมดุลและพัฒนาระบบการบริหารจัดการรัฐ,สนับสนุนการบริหารจัดการหน่วยงานในสังกัดและให้บริการแก่ประชาชนในด้านงานยุติธรรม,การอำนวยการการด้านการบริหารจัดการให้แก่หน่วยงานในสังกัด,งบดำเนินงาน,ค่าตอบแทนใช้สอยและวัสดุ,ค่าตอบแทน,ค่าตอบแทนการปฏิบัติงานของคณะกรรมการตรวจสอบและประเมินผลประจำกระทรวงยุติธรรม,,,,กระทรวงยุติธรรม,สำนักงานปลัดกระทรวงยุติธรรม,,,,,,,,
2569,งบประมาณรายจ่ายของหน่วยรับงบประมาณ,แผนงานพื้นฐานด้านการปรับสมดุลและพัฒนาระบบการบริหารจัดการรัฐ,สนับสนุนการบริหารจัดการหน่วยงานในสังกัดและให้บริการแก่ประชาชนในด้านงานยุติธรรม,การอำนวยการการด้านการบริหารจัดการให้แก่หน่วยงานในสังกัด,งบดำเนินงาน,ค่าตอบแทนใช้สอยและวัสดุ,ค่าใช้สอย,ค่าเบี้ยเลี้ยง ค่าเช่าที่พักและค่าพาหนะ,,,,กระทรวงยุติธรรม,สำนักงานปลัดกระทรวงยุติธรรม,,,,,,,,
2569,งบประมาณรายจ่ายของหน่วยรับงบประมาณ,แผนงานพื้นฐานด้านการปรับสมดุลและพัฒนาระบบการบริหารจัดการรัฐ,สนับสนุนการบริหารจัดการหน่วยงานในสังกัดและให้บริการแก่ประชาชนในด้านงานยุติธรรม,การอำนวยการการด้านการบริหารจัดการให้แก่หน่วยงานในสังกัด,งบดำเนินงาน,ค่าตอบแทนใช้สอยและวัสดุ,ค่าใช้สอย,ค่าซ่อมแซมยานพาหนะและขนส่ง,,,,กระทรวงยุติธรรม,สำนักงานปลัดกระทรวงยุติธรรม,,,,,,,,
2569,งบประมาณรายจ่ายของหน่วยรับงบประมาณ,แผนงานพื้นฐานด้านการปรับสมดุลและพัฒนาระบบการบริหารจัดการรัฐ,สนับสนุนการบริหารจัดการหน่วยงานในสังกัดและให้บริการแก่ประชาชนในด้านงานยุติธรรม,การอำนวยการการด้านการบริหารจัดการให้แก่หน่วยงานในสังกัด,งบดำเนินงาน,ค่าตอบแทนใช้สอยและวัสดุ,ค่าใช้สอย,ค่าซ่อมแซมครุภัณฑ์,,,,กระทรวงยุติธรรม,สำนักงานปลัดกระทรวงยุติธรรม,,,,,,,,
2569,งบประมาณรายจ่ายของหน่วยรับงบประมาณ,แผนงานพื้นฐานด้านการปรับสมดุลและพัฒนาระบบการบริหารจัดการรัฐ,สนับสนุนการบริหารจัดการหน่วยงานในสังกัดและให้บริการแก่ประชาชนในด้านงานยุติธรรม,การอำนวยการการด้านการบริหารจัดการให้แก่หน่วยงานในสังกัด,งบดำเนินงาน,ค่าตอบแทนใช้สอยและวัสดุ,ค่าใช้สอย,ค่าเช่าเครื่องถ่ายเอกสารระบบดิจิทัล,,,,กระทรวงยุติธรรม,สำนักงานปลัดกระทรวงยุติธรรม,,,,,,,,
2569,งบประมาณรายจ่ายของหน่วยรับงบประมาณ,แผนงานพื้นฐานด้านการปรับสมดุลและพัฒนาระบบการบริหารจัดการรัฐ,สนับสนุนการบริหารจัดการหน่วยงานในสังกัดและให้บริการแก่ประชาชนในด้านงานยุติธรรม,การอำนวยการการด้านการบริหารจัดการให้แก่หน่วยงานในสังกัด,งบดำเนินงาน,ค่าตอบแทนใช้สอยและวัสดุ,ค่าใช้สอย,ค่าเช่ารถยนต์ประจำตำแหน่งปลัดกระทรวงยุติธรรม พร้อมพนักงานขับรถยนต์,,,,กระทรวงยุติธรรม,สำนักงานปลัดกระทรวงยุติธรรม,,,,,,,,
2569,งบประมาณรายจ่ายของหน่วยรับงบประมาณ,แผนงานพื้นฐานด้านการปรับสมดุลและพัฒนาระบบการบริหารจัดการรัฐ,สนับสนุนการบริหารจัดการหน่วยงานในสังกัดและให้บริการแก่ประชาชนในด้านงานยุติธรรม,การอำนวยการการด้านการบริหารจัดการให้แก่หน่วยงานในสังกัด,งบดำเนินงาน,ค่าตอบแทนใช้สอยและวัสดุ,ค่าใช้สอย,ค่าเช่ารถยนต์ประจำตำแหน่งรัฐมนตรีว่าการกระทรวงยุติธรรม พร้อมพนักงานขับรถยนต์,,,,กระทรวงยุติธรรม,สำนักงานปลัดกระทรวงยุติธรรม,,,,,,,,
2569,งบประมาณรายจ่ายของหน่วยรับงบประมาณ,แผนงานพื้นฐานด้านการปรับสมดุลและพัฒนาระบบการบริหารจัดการรัฐ,สนับสนุนการบริหารจัดการหน่วยงานในสังกัดและให้บริการแก่ประชาชนในด้านงานยุติธรรม,การอำนวยการการด้านการบริหารจัดการให้แก่หน่วยงานในสังกัด,งบดำเนินงาน,ค่าตอบแทนใช้สอยและวัสดุ,ค่าใช้สอย,ค่าจ้างเหมาบุคลากรช่วยปฏิบัติงาน,,,,กระทรวงยุติธรรม,สำนักงานปลัดกระทรวงยุติธรรม,,,,,,,,
2569,งบประมาณรายจ่ายของหน่วยรับงบประมาณ,แผนงานพื้นฐานด้านการปรับสมดุลและพัฒนาระบบการบริหารจัดการรัฐ,สนับสนุนการบริหารจัดการหน่วยงานในสังกัดและให้บริการแก่ประชาชนในด้านงานยุติธรรม,การอำนวยการการด้านการบริหารจัดการให้แก่หน่วยงานในสังกัด,งบดำเนินงาน,ค่าตอบแทนใช้สอยและวัสดุ,ค่าใช้สอย,ค่ารับรองและพิธีการ,,,,กระทรวงยุติธรรม,สำนักงานปลัดกระทรวงยุติธรรม,,,,,,,,
2569,งบประมาณรายจ่ายของหน่วยรับงบประมาณ,แผนงานพื้นฐานด้านการปรับสมดุลและพัฒนาระบบการบริหารจัดการรัฐ,สนับสนุนการบริหารจัดการหน่วยงานในสังกัดและให้บริการแก่ประชาชนในด้านงานยุติธรรม,การอำนวยการการด้านการบริหารจัดการให้แก่หน่วยงานในสังกัด,งบดำเนินงาน,ค่าตอบแทนใช้สอยและวัสดุ,ค่าใช้สอย,ค่าธรรมเนียม,,,,กระทรวงยุติธรรม,สำนักงานปลัดกระทรวงยุติธรรม,,,,,,,,
2569,งบประมาณรายจ่ายของหน่วยรับงบประมาณ,แผนงานพื้นฐานด้านการปรับสมดุลและพัฒนาระบบการบริหารจัดการรัฐ,สนับสนุนการบริหารจัดการหน่วยงานในสังกัดและให้บริการแก่ประชาชนในด้านงานยุติธรรม,การอำนวยการการด้านการบริหารจัดการให้แก่หน่วยงานในสังกัด,งบดำเนินงาน,ค่าตอบแทนใช้สอยและวัสดุ,ค่าใช้สอย,ค่าใช้จ่ายเพื่อการขับเคลื่อนนโยบายกระทรวงยุติธรรม,,,,กระทรวงยุติธรรม,สำนักงานปลัดกระทรวงยุติธรรม,,,,,,,,
2569,งบประมาณรายจ่ายของหน่วยรับงบประมาณ,แผนงานพื้นฐานด้านการปรับสมดุลและพัฒนาระบบการบริหารจัดการรัฐ,สนับสนุนการบริหารจัดการหน่วยงานในสังกัดและให้บริการแก่ประชาชนในด้านงานยุติธรรม,การอำนวยการการด้านการบริหารจัดการให้แก่หน่วยงานในสังกัด,งบดำเนินงาน,ค่าตอบแทนใช้สอยและวัสดุ,ค่าใช้สอย,ค่าธรรมเนียมเก็บขนขยะมูลฝอย,,,,กระทรวงยุติธรรม,สำนักงานปลัดกระทรวงยุติธรรม,,,,,,,,
2569,งบประมาณรายจ่ายของหน่วยรับงบประมาณ,แผนงานพื้นฐานด้านการปรับสมดุลและพัฒนาระบบการบริหารจัดการรัฐ,สนับสนุนการบริหารจัดการหน่วยงานในสังกัดและให้บริการแก่ประชาชนในด้านงานยุติธรรม,การอำนวยการการด้านการบริหารจัดการให้แก่หน่วยงานในสังกัด,งบดำเนินงาน,ค่าตอบแทนใช้สอยและวัสดุ,ค่าใช้สอย,โครงการติดตามนโยบายและตรวจราชการหน่วยงานในสังกัดกระทรวงยุติธรรม ของผู้บริหารกระทรวงยุติธรรม,,,,กระทรวงยุติธรรม,สำนักงานปลัดกระทรวงยุติธรรม,,,,,,,,
2569,งบประมาณรายจ่ายของหน่วยรับงบประมาณ,แผนงานพื้นฐานด้านการปรับสมดุลและพัฒนาระบบการบริหารจัดการรัฐ,สนับสนุนการบริหารจัดการหน่วยงานในสังกัดและให้บริการแก่ประชาชนในด้านงานยุติธรรม,การอำนวยการการด้านการบริหารจัดการให้แก่หน่วยงานในสังกัด,งบดำเนินงาน,ค่าตอบแทนใช้สอยและวัสดุ,ค่าใช้สอย,ค่าใช้จ่ายในการพิธีรับพระราชทานเครื่องราชอิสริยากรณ์ ชั้นสายสะพาย เบื้องหน้าพระบรมฉายาลักษณ์พระบาทสมเด็จพระเจ้าอยู่หัว,,,,กระทรวงยุติธรรม,สำนักงานปลัดกระทรวงยุติธรรม,,,,,,,,
2569,งบประมาณรายจ่ายของหน่วยรับงบประมาณ,แผนงานพื้นฐานด้านการปรับสมดุลและพัฒนาระบบการบริหารจัดการรัฐ,สนับสนุนการบริหารจัดการหน่วยงานในสังกัดและให้บริการแก่ประชาชนในด้านงานยุติธรรม,การอำนวยการการด้านการบริหารจัดการให้แก่หน่วยงานในสังกัด,งบดำเนินงาน,ค่าตอบแทนใช้สอยและวัสดุ,ค่าใช้สอย,โครงการจัดงานวันสถาปนากระทรวงยุติธรรม ครบรอบ 135 ปี,,,,กระทรวงยุติธรรม,สำนักงานปลัดกระทรวงยุติธรรม,,,,,,,,
2569,งบประมาณรายจ่ายของหน่วยรับงบประมาณ,แผนงานพื้นฐานด้านการปรับสมดุลและพัฒนาระบบการบริหารจัดการรัฐ,สนับสนุนการบริหารจัดการหน่วยงานในสังกัดและให้บริการแก่ประชาชนในด้านงานยุติธรรม,การอำนวยการการด้านการบริหารจัดการให้แก่หน่วยงานในสังกัด,งบดำเนินงาน,ค่าตอบแทนใช้สอยและวัสดุ,ค่าใช้สอย,ค่าจ้างเหมาพนักงานขับรถยนต์ (เพิ่มเติม),,,,กระทรวงยุติธรรม,สำนักงานปลัดกระทรวงยุติธรรม,,,,,,,,
2569,งบประมาณรายจ่ายของหน่วยรับงบประมาณ,แผนงานพื้นฐานด้านการปรับสมดุลและพัฒนาระบบการบริหารจัดการรัฐ,สนับสนุนการบริหารจัดการหน่วยงานในสังกัดและให้บริการแก่ประชาชนในด้านงานยุติธรรม,การอำนวยการการด้านการบริหารจัดการให้แก่หน่วยงานในสังกัด,งบดำเนินงาน,ค่าตอบแทนใช้สอยและวัสดุ,ค่าใช้สอย,โครงการบริหารงานการรักษาความปลอดภัยในอาคารและพื้นที่ี่กระทรวงยุติธรรม,,,,กระทรวงยุติธรรม,สำนักงานปลัดกระทรวงยุติธรรม,,,,,,,,
2569,งบประมาณรายจ่ายของหน่วยรับงบประมาณ,แผนงานพื้นฐานด้านการปรับสมดุลและพัฒนาระบบการบริหารจัดการรัฐ,สนับสนุนการบริหารจัดการหน่วยงานในสังกัดและให้บริการแก่ประชาชนในด้านงานยุติธรรม,การอำนวยการการด้านการบริหารจัดการให้แก่หน่วยงานในสังกัด,งบดำเนินงาน,ค่าตอบแทนใช้สอยและวัสดุ,ค่าใช้สอย,การจ้างเหมาบริการเพื่อจัดทำข้อมูลสนับสนุนเพื่อประกอบการกำหนดนโยบายของผู้บริหาร,,,,กระทรวงยุติธรรม,สำนักงานปลัดกระทรวงยุติธรรม,,,,,,,,
2569,งบประมาณรายจ่ายของหน่วยรับงบประมาณ,แผนงานพื้นฐานด้านการปรับสมดุลและพัฒนาระบบการบริหารจัดการรัฐ,สนับสนุนการบริหารจัดการหน่วยงานในสังกัดและให้บริการแก่ประชาชนในด้านงานยุติธรรม,การอำนวยการการด้านการบริหารจัดการให้แก่หน่วยงานในสังกัด,งบดำเนินงาน,ค่าตอบแทนใช้สอยและวัสดุ,ค่าใช้สอย,ค่าธรรมเนียมฝากมาตรวัดน้ำ,,,,กระทรวงยุติธรรม,สำนักงานปลัดกระทรวงยุติธรรม,,,,,,,,
2569,งบประมาณรายจ่ายของหน่วยรับงบประมาณ,แผนงานพื้นฐานด้านการปรับสมดุลและพัฒนาระบบการบริหารจัดการรัฐ,สนับสนุนการบริหารจัดการหน่วยงานในสังกัดและให้บริการแก่ประชาชนในด้านงานยุติธรรม,การอำนวยการการด้านการบริหารจัดการให้แก่หน่วยงานในสังกัด,งบดำเนินงาน,ค่าตอบแทนใช้สอยและวัสดุ,ค่าใช้สอย,ค่าจ้างเหมาบริการ,รายการย่อย ...,,,กระทรวงยุติธรรม,สำนักงานปลัดกระทรวงยุติธรรม,,,,,,,,
2569,งบประมาณรายจ่ายของหน่วยรับงบประมาณ,แผนงานพื้นฐานด้านการปรับสมดุลและพัฒนาระบบการบริหารจัดการรัฐ,สนับสนุนการบริหารจัดการหน่วยงานในสังกัดและให้บริการแก่ประชาชนในด้านงานยุติธรรม,การอำนวยการการด้านการบริหารจัดการให้แก่หน่วยงานในสังกัด,งบดำเนินงาน,ค่าตอบแทนใช้สอยและวัสดุ,ค่าใช้สอย,ค่าจ้างเหมาบริการ,รายการย่อย ...,,,กระทรวงยุติธรรม,สำนักงานปลัดกระทรวงยุติธรรม,,,,,,,,
2569,งบประมาณรายจ่ายของหน่วยรับงบประมาณ,แผนงานพื้นฐานด้านการปรับสมดุลและพัฒนาระบบการบริหารจัดการรัฐ,สนับสนุนการบริหารจัดการหน่วยงานในสังกัดและให้บริการแก่ประชาชนในด้านงานยุติธรรม,การอำนวยการการด้านการบริหารจัดการให้แก่หน่วยงานในสังกัด,งบดำเนินงาน,ค่าตอบแทนใช้สอยและวัสดุ,ค่าใช้สอย,ค่าจ้างเหมาบริการ,รายการย่อย ...,,,กระทรวงยุติธรรม,สำนักงานปลัดกระทรวงยุติธรรม,,,,,,,,
2569,งบประมาณรายจ่ายของหน่วยรับงบประมาณ,แผนงานพื้นฐานด้านการปรับสมดุลและพัฒนาระบบการบริหารจัดการรัฐ,สนับสนุนการบริหารจัดการหน่วยงานในสังกัดและให้บริการแก่ประชาชนในด้านงานยุติธรรม,การอำนวยการการด้านการบริหารจัดการให้แก่หน่วยงานในสังกัด,งบดำเนินงาน,ค่าตอบแทนใช้สอยและวัสดุ,ค่าใช้สอย,ค่าบำรุงรักษาระบบเทคโนโลยีสารสนเทศ,รายการย่อย ...,,,กระทรวงยุติธรรม,สำนักงานปลัดกระทรวงยุติธรรม,,,,,,,,
2569,งบประมาณรายจ่ายของหน่วยรับงบประมาณ,แผนงานพื้นฐานด้านการปรับสมดุลและพัฒนาระบบการบริหารจัดการรัฐ,สนับสนุนการบริหารจัดการหน่วยงานในสังกัดและให้บริการแก่ประชาชนในด้านงานยุติธรรม,การอำนวยการการด้านการบริหารจัดการให้แก่หน่วยงานในสังกัด,งบดำเนินงาน,ค่าตอบแทนใช้สอยและวัสดุ,ค่าใช้สอย,ค่าบำรุงรักษาระบบเทคโนโลยีสารสนเทศ,รายการย่อย ...,,,กระทรวงยุติธรรม,สำนักงานปลัดกระทรวงยุติธรรม,,,,,,,,
2569,งบประมาณรายจ่ายของหน่วยรับงบประมาณ,แผนงานพื้นฐานด้านการปรับสมดุลและพัฒนาระบบการบริหารจัดการรัฐ,สนับสนุนการบริหารจัดการหน่วยงานในสังกัดและให้บริการแก่ประชาชนในด้านงานยุติธรรม,การอำนวยการการด้านการบริหารจัดการให้แก่หน่วยงานในสังกัด,งบดำเนินงาน,ค่าตอบแทนใช้สอยและวัสดุ,ค่าใช้สอย,ค่าบำรุงรักษาระบบเทคโนโลยีสารสนเทศ,รายการย่อย ...,,,กระทรวงยุติธรรม,สำนักงานปลัดกระทรวงยุติธรรม,,,,,,,,
2569,งบประมาณรายจ่ายของหน่วยรับงบประมาณ,แผนงานพื้นฐานด้านการปรับสมดุลและพัฒนาระบบการบริหารจัดการรัฐ,สนับสนุนการบริหารจัดการหน่วยงานในสังกัดและให้บริการแก่ประชาชนในด้านงานยุติธรรม,การอำนวยการการด้านการบริหารจัดการให้แก่หน่วยงานในสังกัด,งบดำเนินงาน,ค่าตอบแทนใช้สอยและวัสดุ,ค่าใช้สอย,ค่าใช้จ่ายในการจัดหาหรือการต่อลิขสิทธิ์,รายการย่อย ...,,,กระทรวงยุติธรรม,สำนักงานปลัดกระทรวงยุติธรรม,,,,,,,,
2569,งบประมาณรายจ่ายของหน่วยรับงบประมาณ,แผนงานพื้นฐานด้านการปรับสมดุลและพัฒนาระบบการบริหารจัดการรัฐ,สนับสนุนการบริหารจัดการหน่วยงานในสังกัดและให้บริการแก่ประชาชนในด้านงานยุติธรรม,การอำนวยการการด้านการบริหารจัดการให้แก่หน่วยงานในสังกัด,งบดำเนินงาน,ค่าตอบแทนใช้สอยและวัสดุ,ค่าใช้สอย,ค่าใช้จ่ายในการจัดหาหรือการต่อลิขสิทธิ์,รายการย่อย ...,,,กระทรวงยุติธรรม,สำนักงานปลัดกระทรวงยุติธรรม,,,,,,,,
2569,งบประมาณรายจ่ายของหน่วยรับงบประมาณ,แผนงานพื้นฐานด้านการปรับสมดุลและพัฒนาระบบการบริหารจัดการรัฐ,สนับสนุนการบริหารจัดการหน่วยงานในสังกัดและให้บริการแก่ประชาชนในด้านงานยุติธรรม,การอำนวยการการด้านการบริหารจัดการให้แก่หน่วยงานในสังกัด,งบดำเนินงาน,ค่าตอบแทนใช้สอยและวัสดุ,ค่าใช้สอย,ค่าใช้จ่ายในการบริหารจัดการเชิงกลยุทธ์,รายการย่อย ...,,,กระทรวงยุติธรรม,สำนักงานปลัดกระทรวงยุติธรรม,,,,,,,,
2569,งบประมาณรายจ่ายของหน่วยรับงบประมาณ,แผนงานพื้นฐานด้านการปรับสมดุลและพัฒนาระบบการบริหารจัดการรัฐ,สนับสนุนการบริหารจัดการหน่วยงานในสังกัดและให้บริการแก่ประชาชนในด้านงานยุติธรรม,การอำนวยการการด้านการบริหารจัดการให้แก่หน่วยงานในสังกัด,งบดำเนินงาน,ค่าตอบแทนใช้สอยและวัสดุ,ค่าใช้สอย,ค่าใช้จ่ายในการบริหารจัดการเชิงกลยุทธ์,รายการย่อย ...,,,กระทรวงยุติธรรม,สำนักงานปลัดกระทรวงยุติธรรม,,,,,,,,
2569,งบประมาณรายจ่ายของหน่วยรับงบประมาณ,แผนงานพื้นฐานด้านการปรับสมดุลและพัฒนาระบบการบริหารจัดการรัฐ,สนับสนุนการบริหารจัดการหน่วยงานในสังกัดและให้บริการแก่ประชาชนในด้านงานยุติธรรม,การอำนวยการการด้านการบริหารจัดการให้แก่หน่วยงานในสังกัด,งบดำเนินงาน,ค่าตอบแทนใช้สอยและวัสดุ,ค่าใช้สอย,ค่าใช้จ่ายในการบริหารจัดการเชิงกลยุทธ์,รายการย่อย ...,,,กระทรวงยุติธรรม,สำนักงานปลัดกระทรวงยุติธรรม,,,,,,,,
2569,งบประมาณรายจ่ายของหน่วยรับงบประมาณ,แผนงานพื้นฐานด้านการปรับสมดุลและพัฒนาระบบการบริหารจัดการรัฐ,สนับสนุนการบริหารจัดการหน่วยงานในสังกัดและให้บริการแก่ประชาชนในด้านงานยุติธรรม,การอำนวยการการด้านการบริหารจัดการให้แก่หน่วยงานในสังกัด,งบดำเนินงาน,ค่าตอบแทนใช้สอยและวัสดุ,ค่าใช้สอย,ค่าใช้จ่ายในการพัฒนาระบบบริหาร,รายการย่อย ...,,,กระทรวงยุติธรรม,สำนักงานปลัดกระทรวงยุติธรรม,,,,,,,,
2569,งบประมาณรายจ่ายของหน่วยรับงบประมาณ,แผนงานพื้นฐานด้านการปรับสมดุลและพัฒนาระบบการบริหารจัดการรัฐ,สนับสนุนการบริหารจัดการหน่วยงานในสังกัดและให้บริการแก่ประชาชนในด้านงานยุติธรรม,การอำนวยการการด้านการบริหารจัดการให้แก่หน่วยงานในสังกัด,งบดำเนินงาน,ค่าตอบแทนใช้สอยและวัสดุ,ค่าใช้สอย,ค่าใช้จ่ายในการพัฒนาระบบบริหาร,รายการย่อย ...,,,กระทรวงยุติธรรม,สำนักงานปลัดกระทรวงยุติธรรม,,,,,,,,
2569,งบประมาณรายจ่ายของหน่วยรับงบประมาณ,แผนงานพื้นฐานด้านการปรับสมดุลและพัฒนาระบบการบริหารจัดการรัฐ,สนับสนุนการบริหารจัดการหน่วยงานในสังกัดและให้บริการแก่ประชาชนในด้านงานยุติธรรม,การอำนวยการการด้านการบริหารจัดการให้แก่หน่วยงานในสังกัด,งบดำเนินงาน,ค่าตอบแทนใช้สอยและวัสดุ,ค่าใช้สอย,ค่าใช้จ่ายในการพัฒนาระบบบริหาร,รายการย่อย ...,,,กระทรวงยุติธรรม,สำนักงานปลัดกระทรวงยุติธรรม,,,,,,,,
2569,งบประมาณรายจ่ายของหน่วยรับงบประมาณ,แผนงานพื้นฐานด้านการปรับสมดุลและพัฒนาระบบการบริหารจัดการรัฐ,สนับสนุนการบริหารจัดการหน่วยงานในสังกัดและให้บริการแก่ประชาชนในด้านงานยุติธรรม,การอำนวยการการด้านการบริหารจัดการให้แก่หน่วยงานในสังกัด,งบดำเนินงาน,ค่าตอบแทนใช้สอยและวัสดุ,ค่าใช้สอย,ค่าใช้จ่ายในการสัมมนาและฝึกอบรม,รายการย่อย ...,,,กระทรวงยุติธรรม,สำนักงานปลัดกระทรวงยุติธรรม,,,,,,,,
2569,งบประมาณรายจ่ายของหน่วยรับงบประมาณ,แผนงานพื้นฐานด้านการปรับสมดุลและพัฒนาระบบการบริหารจัดการรัฐ,สนับสนุนการบริหารจัดการหน่วยงานในสังกัดและให้บริการแก่ประชาชนในด้านงานยุติธรรม,การอำนวยการการด้านการบริหารจัดการให้แก่หน่วยงานในสังกัด,งบดำเนินงาน,ค่าตอบแทนใช้สอยและวัสดุ,ค่าใช้สอย,ค่าใช้จ่ายในการสัมมนาและฝึกอบรม,รายการย่อย ...,,,กระทรวงยุติธรรม,สำนักงานปลัดกระทรวงยุติธรรม,,,,,,,,
2569,งบประมาณรายจ่ายของหน่วยรับงบประมาณ,แผนงานพื้นฐานด้านการปรับสมดุลและพัฒนาระบบการบริหารจัดการรัฐ,สนับสนุนการบริหารจัดการหน่วยงานในสังกัดและให้บริการแก่ประชาชนในด้านงานยุติธรรม,การอำนวยการการด้านการบริหารจัดการให้แก่หน่วยงานในสังกัด,งบดำเนินงาน,ค่าตอบแทนใช้สอยและวัสดุ,ค่าใช้สอย,ค่าใช้จ่ายในการสัมมนาและฝึกอบรม,รายการย่อย ...,,,กระทรวงยุติธรรม,สำนักงานปลัดกระทรวงยุติธรรม,,,,,,,,
2569,งบประมาณรายจ่ายของหน่วยรับงบประมาณ,แผนงานพื้นฐานด้านการปรับสมดุลและพัฒนาระบบการบริหารจัดการรัฐ,สนับสนุนการบริหารจัดการหน่วยงานในสังกัดและให้บริการแก่ประชาชนในด้านงานยุติธรรม,การอำนวยการการด้านการบริหารจัดการให้แก่หน่วยงานในสังกัด,งบดำเนินงาน,ค่าตอบแทนใช้สอยและวัสดุ,วัสดุ,รายการย่อย ...,,,,กระทรวงยุติธรรม,สำนักงานปลัดกระทรวงยุติธรรม,,,,,,,,
2569,งบประมาณรายจ่ายของหน่วยรับงบประมาณ,แผนงานพื้นฐานด้านการปรับสมดุลและพัฒนาระบบการบริหารจัดการรัฐ,สนับสนุนการบริหารจัดการหน่วยงานในสังกัดและให้บริการแก่ประชาชนในด้านงานยุติธรรม,การอำนวยการการด้านการบริหารจัดการให้แก่หน่วยงานในสังกัด,งบดำเนินงาน,ค่าตอบแทนใช้สอยและวัสดุ,วัสดุ,รายการย่อย ...,,,,กระทรวงยุติธรรม,สำนักงานปลัดกระทรวงยุติธรรม,,,,,,,,
2569,งบประมาณรายจ่ายของหน่วยรับงบประมาณ,แผนงานพื้นฐานด้านการปรับสมดุลและพัฒนาระบบการบริหารจัดการรัฐ,สนับสนุนการบริหารจัดการหน่วยงานในสังกัดและให้บริการแก่ประชาชนในด้านงานยุติธรรม,การอำนวยการการด้านการบริหารจัดการให้แก่หน่วยงานในสังกัด,งบดำเนินงาน,ค่าตอบแทนใช้สอยและวัสดุ,วัสดุ,รายการย่อย ...,,,,กระทรวงยุติธรรม,สำนักงานปลัดกระทรวงยุติธรรม,,,,,,,,
2569,งบประมาณรายจ่ายของหน่วยรับงบประมาณ,แผนงานพื้นฐานด้านการปรับสมดุลและพัฒนาระบบการบริหารจัดการรัฐ,สนับสนุนการบริหารจัดการหน่วยงานในสังกัดและให้บริการแก่ประชาชนในด้านงานยุติธรรม,การอำนวยการการด้านการบริหารจัดการให้แก่หน่วยงานในสังกัด,งบดำเนินงาน,ค่าสาธารณูปโภค,รายการย่อย ...,รายการย่อย ...,,,,กระทรวงยุติธรรม,สำนักงานปลัดกระทรวงยุติธรรม,,,,,,,,
2569,งบประมาณรายจ่ายของหน่วยรับงบประมาณ,แผนงานพื้นฐานด้านการปรับสมดุลและพัฒนาระบบการบริหารจัดการรัฐ,สนับสนุนการบริหารจัดการหน่วยงานในสังกัดและให้บริการแก่ประชาชนในด้านงานยุติธรรม,การอำนวยการการด้านการบริหารจัดการให้แก่หน่วยงานในสังกัด,งบดำเนินงาน,ค่าสาธารณูปโภค,รายการย่อย ...,รายการย่อย ...,,,,กระทรวงยุติธรรม,สำนักงานปลัดกระทรวงยุติธรรม,,,,,,,,
2569,งบประมาณรายจ่ายของหน่วยรับงบประมาณ,แผนงานพื้นฐานด้านการปรับสมดุลและพัฒนาระบบการบริหารจัดการรัฐ,สนับสนุนการบริหารจัดการหน่วยงานในสังกัดและให้บริการแก่ประชาชนในด้านงานยุติธรรม,การอำนวยการการด้านการบริหารจัดการให้แก่หน่วยงานในสังกัด,งบดำเนินงาน,ค่าสาธารณูปโภค,รายการย่อย ...,รายการย่อย ...,,,,กระทรวงยุติธรรม,สำนักงานปลัดกระทรวงยุติธรรม,,,,,,,,
2569,งบประมาณรายจ่ายของหน่วยรับงบประมาณ,แผนงานพื้นฐานด้านการปรับสมดุลและพัฒนาระบบการบริหารจัดการรัฐ,สนับสนุนการบริหารจัดการหน่วยงานในสังกัดและให้บริการแก่ประชาชนในด้านงานยุติธรรม,การอำนวยการการด้านการบริหารจัดการให้แก่หน่วยงานในสังกัด,งบลงทุน,ค่าครุภัณฑ์ ที่ดินและสิ่งก่อสร้าง,ค่าครุภัณฑ์,ครุภัณฑ์คอมพิวเตอร์,,,,กระทรวงยุติธรรม,สำนักงานปลัดกระทรวงยุติธรรม,,,,,,,,
2569,งบประมาณรายจ่ายของหน่วยรับงบประมาณ,แผนงานพื้นฐานด้านการปรับสมดุลและพัฒนาระบบการบริหารจัดการรัฐ,สนับสนุนการบริหารจัดการหน่วยงานในสังกัดและให้บริการแก่ประชาชนในด้านงานยุติธรรม,การอำนวยการการด้านการบริหารจัดการให้แก่หน่วยงานในสังกัด,งบลงทุน,ค่าครุภัณฑ์ ที่ดินและสิ่งก่อสร้าง,ค่าครุภัณฑ์,ครุภัณฑ์คอมพิวเตอร์,,,,กระทรวงยุติธรรม,สำนักงานปลัดกระทรวงยุติธรรม,,,,,,,,
2569,งบประมาณรายจ่ายของหน่วยรับงบประมาณ,แผนงานพื้นฐานด้านการปรับสมดุลและพัฒนาระบบการบริหารจัดการรัฐ,สนับสนุนการบริหารจัดการหน่วยงานในสังกัดและให้บริการแก่ประชาชนในด้านงานยุติธรรม,การอำนวยการการด้านการบริหารจัดการให้แก่หน่วยงานในสังกัด,งบลงทุน,ค่าครุภัณฑ์ ที่ดินและสิ่งก่อสร้าง,ค่าครุภัณฑ์,ครุภัณฑ์คอมพิวเตอร์,,,,กระทรวงยุติธรรม,สำนักงานปลัดกระทรวงยุติธรรม,,,,,,,,
2569,งบประมาณรายจ่ายของหน่วยรับงบประมาณ,แผนงานพื้นฐานด้านการปรับสมดุลและพัฒนาระบบการบริหารจัดการรัฐ,สนับสนุนการบริหารจัดการหน่วยงานในสังกัดและให้บริการแก่ประชาชนในด้านงานยุติธรรม,การอำนวยการการด้านการบริหารจัดการให้แก่หน่วยงานในสังกัด,งบลงทุน,ค่าครุภัณฑ์ ที่ดินและสิ่งก่อสร้าง,ที่ดินและสิ่งก่อสร้าง,รายการย่อย ...,,,,กระทรวงยุติธรรม,สำนักงานปลัดกระทรวงยุติธรรม,,,,,,,,
2569,งบประมาณรายจ่ายของหน่วยรับงบประมาณ,แผนงานพื้นฐานด้านการปรับสมดุลและพัฒนาระบบการบริหารจัดการรัฐ,สนับสนุนการบริหารจัดการหน่วยงานในสังกัดและให้บริการแก่ประชาชนในด้านงานยุติธรรม,การอำนวยการการด้านการบริหารจัดการให้แก่หน่วยงานในสังกัด,งบลงทุน,ค่าครุภัณฑ์ ที่ดินและสิ่งก่อสร้าง,ที่ดินและสิ่งก่อสร้าง,รายการย่อย ...,,,,กระทรวงยุติธรรม,สำนักงานปลัดกระทรวงยุติธรรม,,,,,,,,
2569,งบประมาณรายจ่ายของหน่วยรับงบประมาณ,แผนงานพื้นฐานด้านการปรับสมดุลและพัฒนาระบบการบริหารจัดการรัฐ,สนับสนุนการบริหารจัดการหน่วยงานในสังกัดและให้บริการแก่ประชาชนในด้านงานยุติธรรม,การอำนวยการการด้านการบริหารจัดการให้แก่หน่วยงานในสังกัด,งบลงทุน,ค่าครุภัณฑ์ ที่ดินและสิ่งก่อสร้าง,ที่ดินและสิ่งก่อสร้าง,รายการย่อย ...,,,,กระทรวงยุติธรรม,สำนักงานปลัดกระทรวงยุติธรรม,,,,,,,,
2569,งบประมาณรายจ่ายของหน่วยรับงบประมาณ,แผนงานพื้นฐานด้านการปรับสมดุลและพัฒนาระบบการบริหารจัดการรัฐ,สนับสนุนการบริหารจัดการหน่วยงานในสังกัดและให้บริการแก่ประชาชนในด้านงานยุติธรรม,การอำนวยการการด้านการบริหารจัดการให้แก่หน่วยงานในสังกัด,งบรายจ่ายอื่น,รายการย่อย ...,รายการย่อย ...,รายการย่อย ...,,,,กระทรวงยุติธรรม,สำนักงานปลัดกระทรวงยุติธรรม,,,,,,,,
2569,งบประมาณรายจ่ายของหน่วยรับงบประมาณ,แผนงานพื้นฐานด้านการปรับสมดุลและพัฒนาระบบการบริหารจัดการรัฐ,สนับสนุนการบริหารจัดการหน่วยงานในสังกัดและให้บริการแก่ประชาชนในด้านงานยุติธรรม,การอำนวยการการด้านการบริหารจัดการให้แก่หน่วยงานในสังกัด,งบรายจ่ายอื่น,รายการย่อย ...,รายการย่อย ...,รายการย่อย ...,,,,กระทรวงยุติธรรม,สำนักงานปลัดกระทรวงยุติธรรม,,,,,,,,
2569,งบประมาณรายจ่ายของหน่วยรับงบประมาณ,แผนงานพื้นฐานด้านการปรับสมดุลและพัฒนาระบบการบริหารจัดการรัฐ,สนับสนุนการบริหารจัดการหน่วยงานในสังกัดและให้บริการแก่ประชาชนในด้านงานยุติธรรม,การอำนวยการการด้านการบริหารจัดการให้แก่หน่วยงานในสังกัด,งบรายจ่ายอื่น,รายการย่อย ...,รายการย่อย ...,รายการย่อย ...,,,,กระทรวงยุติธรรม,สำนักงานปลัดกระทรวงยุติธรรม,,,,,,,,
2569,งบประมาณรายจ่ายของหน่วยรับงบประมาณ,แผนงานพื้นฐานด้านการปรับสมดุลและพัฒนาระบบการบริหารจัดการรัฐ,สนับสนุนการบริหารจัดการหน่วยงานในสังกัดและให้บริการแก่ประชาชนในด้านงานยุติธรรม,การเสริมสร้างความร่วมมือกับประชาชมระหว่างประเทศด้านกฎหมายและกระบวนการยุติธรรม,งบเงินอุดหนุน,รายการย่อย ...,รายการย่อย ...,รายการย่อย ...,,,,กระทรวงยุติธรรม,สำนักงานปลัดกระทรวงยุติธรรม,,,,,,,,
2569,งบประมาณรายจ่ายของหน่วยรับงบประมาณ,แผนงานพื้นฐานด้านการปรับสมดุลและพัฒนาระบบการบริหารจัดการรัฐ,สนับสนุนการบริหารจัดการหน่วยงานในสังกัดและให้บริการแก่ประชาชนในด้านงานยุติธรรม,การเสริมสร้างความร่วมมือกับประชาชมระหว่างประเทศด้านกฎหมายและกระบวนการยุติธรรม,งบรายจ่ายอื่น,รายการย่อย ...,รายการย่อย ...,รายการย่อย ...,,,,กระทรวงยุติธรรม,สำนักงานปลัดกระทรวงยุติธรรม,,,,,,,,
2569,งบประมาณรายจ่ายของหน่วยรับงบประมาณ,แผนงานพื้นฐานด้านการปรับสมดุลและพัฒนาระบบการบริหารจัดการรัฐ,สนับสนุนการบริหารจัดการหน่วยงานในสังกัดและให้บริการแก่ประชาชนในด้านงานยุติธรรม,การขับเคลื่อนและเตรียมความพร้อมประเทศไทยสู่การเข้าเป็นภาคีญาสหประชาชาติว่าด้วยสัญญาซื้อขายสินค้าระหว่างประเทศ,งบรายจ่ายอื่น,รายการย่อย ...,รายการย่อย ...,รายการย่อย ...,,,,กระทรวงยุติธรรม,สำนักงานปลัดกระทรวงยุติธรรม,,,,,,,,
2569,งบประมาณรายจ่ายของหน่วยรับงบประมาณ,แผนงานพื้นฐานด้านการปรับสมดุลและพัฒนาระบบการบริหารจัดการรัฐ,สนับสนุนการบริหารจัดการหน่วยงานในสังกัดและให้บริการแก่ประชาชนในด้านงานยุติธรรม,การประชาสัมพันธ์สร้างการรับรู้ด้านกฎหมายและกระบวนการยุติธรรมแก่ประชาชน,งบรายจ่ายอื่น,รายการย่อย ...,รายการย่อย ...,รายการย่อย ...,,,,กระทรวงยุติธรรม,สำนักงานปลัดกระทรวงยุติธรรม,,,,,,,,
2569,งบประมาณรายจ่ายของหน่วยรับงบประมาณ,แผนงานยุทธศาสตร์ป้องกันและแก้ไขปัญหาที่มีผลกระทบต่อความมั่นคง,โครงการอำนวยความยุติธรรรมของกระทรวงยุติธรรมที่สอดคล้องกับวิถีชีวิตของประชาชนในพื้นที่จังหวัดชายแดนภาคใต้,ส่งเสริมการอำนวยความยุติธรรมของกระทรวงยุติธรรมที่สอดคล้องกับวิถีชีวิตของประชาชนในพื้นที่จังหวัดชายแดนภาคใต้,งบเงินอุดหนุน,รายการย่อย ...,รายการย่อย ...,รายการย่อย ...,,,,กระทรวงยุติธรรม,สำนักงานปลัดกระทรวงยุติธรรม,,,,,,,,
2569,งบประมาณรายจ่ายของหน่วยรับงบประมาณ,แผนงานยุทธศาสตร์ป้องกันและแก้ไขปัญหาที่มีผลกระทบต่อความมั่นคง,โครงการอำนวยความยุติธรรรมของกระทรวงยุติธรรมที่สอดคล้องกับวิถีชีวิตของประชาชนในพื้นที่จังหวัดชายแดนภาคใต้,ส่งเสริมการอำนวยความยุติธรรมของกระทรวงยุติธรรมที่สอดคล้องกับวิถีชีวิตของประชาชนในพื้นที่จังหวัดชายแดนภาคใต้,งบรายจ่ายอื่น,รายการย่อย ...,รายการย่อย ...,รายการย่อย ...,,,,กระทรวงยุติธรรม,สำนักงานปลัดกระทรวงยุติธรรม,,,,,,,,
2569,งบประมาณรายจ่ายของหน่วยรับงบประมาณ,แผนงานยุทธศาสตร์พัฒนากฎหมายและกระบวนการยุติธรรม,โครงการพัฒนาและส่งเสริมให้ประชาชนเข้าถึงความเป็นธรรม,การพัฒนาระบบงานยุติธรรมและส่งเสริมให้ประชาชนเข้าถึงความเป็นธรรม,งบรายจ่ายอื่น,รายการย่อย ...,รายการย่อย ...,รายการย่อย ...,,,,กระทรวงยุติธรรม,สำนักงานปลัดกระทรวงยุติธรรม,,,,,,,,
2569,งบประมาณรายจ่ายของหน่วยรับงบประมาณ,แผนงานยุทธศาสตร์พัฒนากฎหมายและกระบวนการยุติธรรม,โครงการพัฒนาและส่งเสริมให้ประชาชนเข้าถึงความเป็นธรรม,การให้ความช่วยเหลือประชาชนที่ไม่ได้รับความเป็นธรรม,งบดำเนินงาน,ค่าตอบแทนใช้สอยและวัสดุ,ค่าตอบแทน,รายการย่อย ...,,,,กระทรวงยุติธรรม,สำนักงานปลัดกระทรวงยุติธรรม,,,,,,,,
2569,งบประมาณรายจ่ายของหน่วยรับงบประมาณ,แผนงานยุทธศาสตร์พัฒนากฎหมายและกระบวนการยุติธรรม,โครงการพัฒนาและส่งเสริมให้ประชาชนเข้าถึงความเป็นธรรม,การให้ความช่วยเหลือประชาชนที่ไม่ได้รับความเป็นธรรม,งบดำเนินงาน,ค่าตอบแทนใช้สอยและวัสดุ,ค่าใช้สอย,รายการย่อย ...,,,,กระทรวงยุติธรรม,สำนักงานปลัดกระทรวงยุติธรรม,,,,,,,,
2569,งบประมาณรายจ่ายของหน่วยรับงบประมาณ,แผนงานยุทธศาสตร์พัฒนากฎหมายและกระบวนการยุติธรรม,โครงการพัฒนาและส่งเสริมให้ประชาชนเข้าถึงความเป็นธรรม,การให้ความช่วยเหลือประชาชนที่ไม่ได้รับความเป็นธรรม,งบดำเนินงาน,ค่าตอบแทนใช้สอยและวัสดุ,วัสดุ,รายการย่อย ...,,,,กระทรวงยุติธรรม,สำนักงานปลัดกระทรวงยุติธรรม,,,,,,,,
2569,งบประมาณรายจ่ายของหน่วยรับงบประมาณ,แผนงานยุทธศาสตร์พัฒนากฎหมายและกระบวนการยุติธรรม,โครงการพัฒนาและส่งเสริมให้ประชาชนเข้าถึงความเป็นธรรม,การให้ความช่วยเหลือประชาชนที่ไม่ได้รับความเป็นธรรม,งบดำเนินงาน,ค่าสาธารณูปโภค,รายการย่อย ...,รายการย่อย ...,,,,กระทรวงยุติธรรม,สำนักงานปลัดกระทรวงยุติธรรม,,,,,,,,
2569,งบประมาณรายจ่ายของหน่วยรับงบประมาณ,แผนงานยุทธศาสตร์พัฒนากฎหมายและกระบวนการยุติธรรม,โครงการพัฒนาและส่งเสริมให้ประชาชนเข้าถึงความเป็นธรรม,การให้ความช่วยเหลือประชาชนที่ไม่ได้รับความเป็นธรรม,งบลงทุน,ค่าครุภัณฑ์ ที่ดินและสิ่งก่อสร้าง,ค่าครุภัณฑ์,ครุภัณฑ์สำนักงาน,,,,กระทรวงยุติธรรม,สำนักงานปลัดกระทรวงยุติธรรม,,,,,,,,
2569,งบประมาณรายจ่ายของหน่วยรับงบประมาณ,แผนงานยุทธศาสตร์พัฒนากฎหมายและกระบวนการยุติธรรม,โครงการพัฒนาและส่งเสริมให้ประชาชนเข้าถึงความเป็นธรรม,การให้ความช่วยเหลือประชาชนที่ไม่ได้รับความเป็นธรรม,งบลงทุน,ค่าครุภัณฑ์ ที่ดินและสิ่งก่อสร้าง,ค่าครุภัณฑ์,ครุภัณฑ์คอมพิวเตอร์,,,,กระทรวงยุติธรรม,สำนักงานปลัดกระทรวงยุติธรรม,,,,,,,,
2569,งบประมาณรายจ่ายของหน่วยรับงบประมาณ,แผนงานยุทธศาสตร์พัฒนากฎหมายและกระบวนการยุติธรรม,โครงการพัฒนาและส่งเสริมให้ประชาชนเข้าถึงความเป็นธรรม,การให้ความช่วยเหลือประชาชนที่ไม่ได้รับความเป็นธรรม,งบลงทุน,ค่าครุภัณฑ์ ที่ดินและสิ่งก่อสร้าง,ค่าที่ดินและสิ่งก่อสร้าง,รายการย่อย ...,รายการย่อย ...,รายการย่อย ...,,กระทรวงยุติธรรม,สำนักงานปลัดกระทรวงยุติธรรม,,,,,,,,
2569,งบประมาณรายจ่ายของหน่วยรับงบประมาณ,แผนงานยุทธศาสตร์พัฒนากฎหมายและกระบวนการยุติธรรม,โครงการพัฒนาและส่งเสริมให้ประชาชนเข้าถึงความเป็นธรรม,การให้ความช่วยเหลือประชาชนที่ไม่ได้รับความเป็นธรรม,งบลงทุน,ค่าครุภัณฑ์ ที่ดินและสิ่งก่อสร้าง,ค่าที่ดินและสิ่งก่อสร้าง,รายการย่อย ...,รายการย่อย ...,รายการย่อย ...,,กระทรวงยุติธรรม,สำนักงานปลัดกระทรวงยุติธรรม,,,,,,,,
2569,งบประมาณรายจ่ายของหน่วยรับงบประมาณ,แผนงานยุทธศาสตร์พัฒนากฎหมายและกระบวนการยุติธรรม,โครงการพัฒนาและส่งเสริมให้ประชาชนเข้าถึงความเป็นธรรม,การให้ความช่วยเหลือประชาชนที่ไม่ได้รับความเป็นธรรม,งบเงินอุดหนุน,รายการย่อย ...,รายการย่อย ...,รายการย่อย ...,รายการย่อย ...,รายการย่อย ...,,กระทรวงยุติธรรม,สำนักงานปลัดกระทรวงยุติธรรม,,,,,,,,
2569,งบประมาณรายจ่ายของหน่วยรับงบประมาณ,แผนงานยุทธศาสตร์พัฒนากฎหมายและกระบวนการยุติธรรม,โครงการพัฒนาและส่งเสริมให้ประชาชนเข้าถึงความเป็นธรรม,การให้ความช่วยเหลือประชาชนที่ไม่ได้รับความเป็นธรรม,งบรายจ่ายอื่น,รายการย่อย ...,รายการย่อย ...,รายการย่อย ...,รายการย่อย ...,รายการย่อย ...,,กระทรวงยุติธรรม,สำนักงานปลัดกระทรวงยุติธรรม,,,,,,,,
2569,งบประมาณรายจ่ายของหน่วยรับงบประมาณ,แผนงานยุทธศาสตร์พัฒนากฎหมายและกระบวนการยุติธรรม,โครงการพัฒนากฎหมายกระทรวงยุติธรรม,การพัฒนากฎหมาย,งบรายจ่ายอื่น,ค่าใช้จ่ายในการพัฒนากฎหมาย,รายการย่อย ...,รายการย่อย ...,รายการย่อย ...,รายการย่อย ...,,กระทรวงยุติธรรม,สำนักงานปลัดกระทรวงยุติธรรม,,,,,,,,
2569,งบประมาณรายจ่ายของหน่วยรับงบประมาณ,แผนงานยุทธศาสตร์พัฒนากฎหมายและกระบวนการยุติธรรม,โครงการส่งเสริม สนับสนุน และบูรณาการประสานความร่วมมือกับภาคีเครือข่ายเพื่อขับเคลื่อนงานยุติธรรม,การขับเคลื่อนงานศูนย์ยุติธรรมชุมชน,งบรายจ่ายอื่น,ค่าใช้จ่ายในการขับเคลื่อนงานยุติธรรมชุมชน,รายการย่อย ...,รายการย่อย ...,รายการย่อย ...,รายการย่อย ...,,กระทรวงยุติธรรม,สำนักงานปลัดกระทรวงยุติธรรม,,,,,,,,
2569,งบประมาณรายจ่ายของหน่วยรับงบประมาณ,แผนงานยุทธศาสตร์พัฒนากฎหมายและกระบวนการยุติธรรม,โครงการส่งเสริม สนับสนุน และบูรณาการประสานความร่วมมือกับภาคีเครือข่ายเพื่อขับเคลื่อนงานยุติธรรม,ส่งเสริม และสนับสนุน และสร้างความร่วมมือในการสร้างงาน สร้างอาชีพ เพื่อแก้ไขปัญหาการกระทำผิดซ้ำ,งบรายจ่ายอื่น,ค่าใช้จ่ายสำหรับโครงการกำลังงใจ,รายการย่อย ...,รายการย่อย ...,รายการย่อย ...,รายการย่อย ...,,กระทรวงยุติธรรม,สำนักงานปลัดกระทรวงยุติธรรม,,,,,,,,
2569,งบประมาณรายจ่ายของหน่วยรับงบประมาณ,แผนงานบูรณาการสร้างรายได้จากการท่องเที่ยว,โครงการส่งเสริมความปลอดภัยด้านการท่องเที่ยว,ส่งเสริมความปลอดภัยด้านการท่องเที่ยว,งบรายจ่ายอื่น,ค่าใช้จ่ายโครงการส่งเสริมความปลอดภัยด้านการท่องเที่ยว,รายการย่อย ...,รายการย่อย ...,รายการย่อย ...,รายการย่อย ...,,กระทรวงยุติธรรม,สำนักงานปลัดกระทรวงยุติธรรม,,,,,,,,
2569,งบประมาณรายจ่ายบูรณาการ,แผนงานบูรณารัฐบาลดิจิทัล,โครงการการยกระดับทักษะบุคลากรภาครัฐเพื่อตอบโจทย์ความต้องการของประเทศ,การพัฒนาทักษะดิจิทัลสำหรับบุคลากรภาครัฐเพื่อการขับเคลื่อนรัฐบาลดิจิทัล,งบรายจ่ายอื่น,ค่าใช้จ่ายโครงการพัฒนาทักษะดิจิทัลสำหรับบุคลากรภาครัฐเพื่อการขับเคลื่อนรัฐบาลดิจิทัล,รายการย่อย ...,รายการย่อย ...,รายการย่อย ...,รายการย่อย ...,,กระทรวงยุติธรรม,สำนักงานปลัดกระทรวงยุติธรรม,,,,,,,,
2569,งบประมาณรายจ่ายบูรณาการ,แผนงานบูรณารัฐบาลดิจิทัล,โครงการสนับสุนการดำเนินงานตามนโยบายการใช้คลาวด์เป็นหลัก (Cloud First Policy),สนับสนุนการดำเนินงานตามนโยบายการใช้คลาวด์เป็นหลัก (Cloud First Policy),งบดำเนินงาน,ค่าตอบแทนใช้สอยและวัสดุ,รายการย่อย ...,รายการย่อย ...,รายการย่อย ...,รายการย่อย ...,,กระทรวงยุติธรรม,สำนักงานปลัดกระทรวงยุติธรรม,,,,,,,,
2569,งบประมาณรายจ่ายบูรณาการ,แผนงานบูรณาการต่อต้านการทุจริตและประพฤติมิชอบ,โครงการพัฒนาระบบบริหารเพื่อต่อต่อต้านการธระสแสเสร็มค้มครองครองรธรรม,พัฒนาระบบบริหารเพื่อต่อต้านการทุจริตและส่งเสริมคุ้มครองจริยธรรม,งบรายจ่ายอื่น,ค่าใช้จ่ายในการพัฒนาระบบบริหารเพื่อต่อต้านการทุจริตและส่งเสริมคุ้มครองจริยธรรม,รายการย่อย ...,รายการย่อย ...,รายการย่อย ...,รายการย่อย ...,,กระทรวงยุติธรรม,สำนักงานปลัดกระทรวงยุติธรรม,,,,,,,,
